<code_scheme name="Default" version="173">
  <option name="RIGHT_MARGIN" value="140" />
  <SqlCodeStyleSettings version="6">
    <option name="QUERY_EL_LINE" value="101" />
    <option name="QUERY_EL_COMMA" value="1" />
    <option name="QUERY_IN_ONE_STRING" value="0" />
    <option name="INSERT_INTO_NL" value="2" />
    <option name="INSERT_CLOSING" value="0" />
    <option name="INSERT_TABLE_EL_LINE" value="1" />
    <option name="CORTEGE_SPACE_WITHIN_PARENTHESES" value="true" />
    <option name="CORTEGE_SPACE_BEFORE_COMMA" value="true" />
    <option name="EXPR_CALL_SPACE_INSIDE_PARENTHESES" value="true" />
    <option name="EXPR_CALL_SPACE_BEFORE_COMMA" value="true" />
    <option name="EXPR_CASE_WHEN_WRAP" value="false" />
    <option name="EXPR_CASE_THEN_ALIGN" value="true" />
  </SqlCodeStyleSettings>
  <codeStyleSettings language="CoffeeScript">
    <option name="RIGHT_MARGIN" value="150" />
  </codeStyleSettings>
  <codeStyleSettings language="JAVA">
    <option name="RIGHT_MARGIN" value="140" />
    <option name="WRAP_LONG_LINES" value="true" />
  </codeStyleSettings>
</code_scheme>