<application>
  <component name="ConsoleFoldingSettings">
    <option name="addedPositive">
      <list>
        <option value="Cookie中的 sessionId:" />
        <option value="doFilter request Id:" />
        <option value="redis session login:" />
        <option value="sso domain:http://127.0.0.1:8080" />
        <option value="SSO request id" />
        <option value="userInfo 相关信息：系统管理员 usercode:admin" />
        <option value="服务请求地址：" />
        <option value="校验 login Filter....." />
        <option value="检查token:" />
        <option value="登录filter sessionId:" />
        <option value="请求的及会话URL:" />
        <option value="更新session:{}" />
      </list>
    </option>
  </component>
</application>