<application>
  <component name="GitRememberedInputs">
    <option name="visitedUrls">
      <list>
        <UrlAndUserName>
          <option name="url" value="http://192.168.18.23" />
          <option name="userName" value="tan90" />
        </UrlAndUserName>
        <UrlAndUserName>
          <option name="url" value="http://192.168.18.106" />
          <option name="userName" value="renq@trasen.cn" />
        </UrlAndUserName>
        <UrlAndUserName>
          <option name="url" value="http://192.168.18.17:8899" />
          <option name="userName" value="tan90" />
        </UrlAndUserName>
      </list>
    </option>
  </component>
  <component name="Vcs.Log.App.Settings">
    <option name="COLUMN_ID_ORDER">
      <list>
        <option value="Default.Root" />
        <option value="Default.Subject" />
        <option value="Default.Author" />
        <option value="Default.Date" />
        <option value="Space.CommitStatus" />
      </list>
    </option>
  </component>
  <component name="VcsApplicationSettings">
    <option name="COMMIT_FROM_LOCAL_CHANGES" value="true" />
  </component>
  <component name="VcsEditorTab.Settings">
    <option name="openInNewWindow" value="true" />
  </component>
</application>