<profile version="1.0">
  <option name="myName" value="Default" />
  <inspection_tool class="CommentedOutCode" enabled="false" level="WEAK WARNING" enabled_by_default="false" />
  <inspection_tool class="DuplicatedCode" enabled="false" level="WEAK WARNING" enabled_by_default="false" />
  <inspection_tool class="GradlePackageUpdate" enabled="false" level="WARNING" enabled_by_default="false" />
  <inspection_tool class="GrazieInspection" enabled="false" level="TYPO" enabled_by_default="false" />
  <inspection_tool class="HttpUrlsUsage" enabled="false" level="WEAK WARNING" enabled_by_default="false" />
  <inspection_tool class="JavaDoc" enabled="false" level="WARNING" enabled_by_default="false">
    <option name="TOP_LEVEL_CLASS_OPTIONS">
      <value>
        <option name="ACCESS_JAVADOC_REQUIRED_FOR" value="none" />
        <option name="REQUIRED_TAGS" value="" />
      </value>
    </option>
    <option name="INNER_CLASS_OPTIONS">
      <value>
        <option name="ACCESS_JAVADOC_REQUIRED_FOR" value="none" />
        <option name="REQUIRED_TAGS" value="" />
      </value>
    </option>
    <option name="METHOD_OPTIONS">
      <value>
        <option name="ACCESS_JAVADOC_REQUIRED_FOR" value="none" />
        <option name="REQUIRED_TAGS" value="@return@param@throws or @exception" />
      </value>
    </option>
    <option name="FIELD_OPTIONS">
      <value>
        <option name="ACCESS_JAVADOC_REQUIRED_FOR" value="none" />
        <option name="REQUIRED_TAGS" value="" />
      </value>
    </option>
    <option name="IGNORE_DEPRECATED" value="false" />
    <option name="IGNORE_JAVADOC_PERIOD" value="true" />
    <option name="IGNORE_DUPLICATED_THROWS" value="false" />
    <option name="IGNORE_POINT_TO_ITSELF" value="false" />
    <option name="myAdditionalJavadocTags" value="date" />
  </inspection_tool>
  <inspection_tool class="JavadocDeclaration" enabled="false" level="WARNING" enabled_by_default="false">
    <option name="ADDITIONAL_TAGS" value="date" />
  </inspection_tool>
  <inspection_tool class="MavenPackageUpdate" enabled="false" level="WARNING" enabled_by_default="false" />
  <inspection_tool class="MissingJavadoc" enabled="false" level="WARNING" enabled_by_default="false">
    <option name="PACKAGE_SETTINGS">
      <Options>
        <option name="ENABLED" value="false" />
      </Options>
    </option>
    <option name="MODULE_SETTINGS">
      <Options>
        <option name="ENABLED" value="false" />
      </Options>
    </option>
    <option name="TOP_LEVEL_CLASS_SETTINGS">
      <Options>
        <option name="ENABLED" value="false" />
      </Options>
    </option>
    <option name="INNER_CLASS_SETTINGS">
      <Options>
        <option name="ENABLED" value="false" />
      </Options>
    </option>
    <option name="METHOD_SETTINGS">
      <Options>
        <option name="REQUIRED_TAGS" value="@return@param@throws or @exception" />
        <option name="ENABLED" value="false" />
      </Options>
    </option>
    <option name="FIELD_SETTINGS">
      <Options>
        <option name="ENABLED" value="false" />
      </Options>
    </option>
  </inspection_tool>
  <inspection_tool class="SpellCheckingInspection" enabled="false" level="TYPO" enabled_by_default="false">
    <option name="processCode" value="true" />
    <option name="processLiterals" value="true" />
    <option name="processComments" value="true" />
  </inspection_tool>
  <inspection_tool class="unused" enabled="false" level="WARNING" enabled_by_default="false" checkParameterExcludingHierarchy="false">
    <option name="LOCAL_VARIABLE" value="true" />
    <option name="FIELD" value="true" />
    <option name="METHOD" value="true" />
    <option name="CLASS" value="true" />
    <option name="PARAMETER" value="true" />
    <option name="REPORT_PARAMETER_FOR_PUBLIC_METHODS" value="true" />
    <option name="ADD_MAINS_TO_ENTRIES" value="true" />
    <option name="ADD_APPLET_TO_ENTRIES" value="true" />
    <option name="ADD_SERVLET_TO_ENTRIES" value="true" />
    <option name="ADD_NONJAVA_TO_ENTRIES" value="true" />
  </inspection_tool>
</profile>